{
  "simple_objects": [
    "1x1",
    "1xpsi",
    "1xsigma",
    "psix1",
    "psixpsi",
    "psixsigma",
    "sigmax1",
    "sigmaxpsi",
    "sigmaxsigma"
  ],
  "S_matrix": [
    [
      0.25,
      0.25,
      0.3535533905932738,
      0.25,
      0.25,
      0.3535533905932738,
      0.3535533905932738,
      0.3535533905932738,
      0.5000000000000001
    ],
    [
      0.25,
      0.25,
      -0.3535533905932738,
      0.25,
      0.25,
      -0.3535533905932738,
      0.3535533905932738,
      0.3535533905932738,
      -0.5000000000000001
    ],
    [
      0.3535533905932738,
      -0.3535533905932738,
      0.0,
      0.3535533905932738,
      -0.3535533905932738,
      0.0,
      0.5000000000000001,
      -0.5000000000000001,
      0.0
    ],
    [
      0.25,
      0.25,
      0.3535533905932738,
      0.25,
      0.25,
      0.3535533905932738,
      -0.3535533905932738,
      -0.3535533905932738,
      -0.5000000000000001
    ],
    [
      0.25,
      0.25,
      -0.3535533905932738,
      0.25,
      0.25,
      -0.3535533905932738,
      -0.3535533905932738,
      -0.3535533905932738,
      0.5000000000000001
    ],
    [
      0.3535533905932738,
      -0.3535533905932738,
      0.0,
      0.3535533905932738,
      -0.3535533905932738,
      0.0,
      -0.5000000000000001,
      0.5000000000000001,
      -0.0
    ],
    [
      0.3535533905932738,
      0.3535533905932738,
      0.5000000000000001,
      -0.3535533905932738,
      -0.3535533905932738,
      -0.5000000000000001,
      0.0,
      0.0,
      0.0
    ],
    [
      0.3535533905932738,
      0.3535533905932738,
      -0.5000000000000001,
      -0.3535533905932738,
      -0.3535533905932738,
      0.5000000000000001,
      0.0,
      0.0,
      -0.0
    ],
    [
      0.5000000000000001,
      -0.5000000000000001,
      0.0,
      -0.5000000000000001,
      0.5000000000000001,
      -0.0,
      0.0,
      -0.0,
      0.0
    ]
  ],
  "T_matrix": [
    1.0,
    -1.0,
    "(0.9238795325112867-0.3826834323650898j)",
    -1.0,
    1.0,
    "(-0.9238795325112867+0.3826834323650898j)",
    "(0.9238795325112867+0.3826834323650898j)",
    "(-0.9238795325112867-0.3826834323650898j)",
    1.0
  ],
  "fusion_rules": {
    "0,0,0": 1,
    "0,1,1": 1,
    "0,2,2": 1,
    "0,3,3": 1,
    "0,4,4": 1,
    "0,5,5": 1,
    "0,6,6": 1,
    "0,7,7": 1,
    "0,8,8": 1,
    "1,0,1": 1,
    "1,1,0": 1,
    "1,2,2": 1,
    "1,3,4": 1,
    "1,4,3": 1,
    "1,5,5": 1,
    "1,6,7": 1,
    "1,7,6": 1,
    "1,8,8": 1,
    "2,0,2": 1,
    "2,1,2": 1,
    "2,2,0": 1,
    "2,2,1": 1,
    "2,2,2": 1,
    "2,3,5": 1,
    "2,4,5": 1,
    "2,5,3": 1,
    "2,5,4": 1,
    "2,5,5": 1,
    "2,6,8": 1,
    "2,7,8": 1,
    "2,8,6": 1,
    "2,8,7": 1,
    "2,8,8": 1,
    "3,0,3": 1,
    "3,1,4": 1,
    "3,2,5": 1,
    "3,3,0": 1,
    "3,4,1": 1,
    "3,5,2": 1,
    "3,6,6": 1,
    "3,7,7": 1,
    "3,8,8": 1,
    "4,0,4": 1,
    "4,1,3": 1,
    "4,2,5": 1,
    "4,3,1": 1,
    "4,4,0": 1,
    "4,5,2": 1,
    "4,6,7": 1,
    "4,7,6": 1,
    "4,8,8": 1,
    "5,0,5": 1,
    "5,1,5": 1,
    "5,2,3": 1,
    "5,2,4": 1,
    "5,2,5": 1,
    "5,3,2": 1,
    "5,4,2": 1,
    "5,5,0": 1,
    "5,5,1": 1,
    "5,5,2": 1,
    "5,6,8": 1,
    "5,7,8": 1,
    "5,8,6": 1,
    "5,8,7": 1,
    "5,8,8": 1,
    "6,0,6": 1,
    "6,1,7": 1,
    "6,2,8": 1,
    "6,3,6": 1,
    "6,4,7": 1,
    "6,5,8": 1,
    "6,6,0": 1,
    "6,6,3": 1,
    "6,6,6": 1,
    "6,7,1": 1,
    "6,7,4": 1,
    "6,7,7": 1,
    "6,8,2": 1,
    "6,8,5": 1,
    "6,8,8": 1,
    "7,0,7": 1,
    "7,1,6": 1,
    "7,2,8": 1,
    "7,3,7": 1,
    "7,4,6": 1,
    "7,5,8": 1,
    "7,6,1": 1,
    "7,6,4": 1,
    "7,6,7": 1,
    "7,7,0": 1,
    "7,7,3": 1,
    "7,7,6": 1,
    "7,8,2": 1,
    "7,8,5": 1,
    "7,8,8": 1,
    "8,0,8": 1,
    "8,1,8": 1,
    "8,2,6": 1,
    "8,2,7": 1,
    "8,2,8": 1,
    "8,3,8": 1,
    "8,4,8": 1,
    "8,5,6": 1,
    "8,5,7": 1,
    "8,5,8": 1,
    "8,6,2": 1,
    "8,6,5": 1,
    "8,6,8": 1,
    "8,7,2": 1,
    "8,7,5": 1,
    "8,7,8": 1,
    "8,8,0": 1,
    "8,8,1": 1,
    "8,8,2": 1,
    "8,8,3": 1,
    "8,8,4": 1,
    "8,8,5": 1,
    "8,8,6": 1,
    "8,8,7": 1,
    "8,8,8": 1
  }
}