{
  "simple_objects": [
    "1",
    "psi",
    "sigma"
  ],
  "S_matrix": [
    [
      0.5,
      0.5,
      0.7071067811865476
    ],
    [
      0.5,
      0.5,
      -0.7071067811865476
    ],
    [
      0.7071067811865476,
      -0.7071067811865476,
      0.0
    ]
  ],
  "T_matrix": [
    1,
    -1,
    "(0.9238795325112866+0.3826834323650898j)"
  ]
}